epsilon,delta,memory,averageError,queryTime,updateTime,threshold
0.275,1e-05,2312,39403.4,45,585,0.1
0.275,1e-05,2360,39076.6,43,591,0.01
0.275,1e-05,2424,38992.4,43,588,0.005
0.275,1e-05,3288,36451,43,604,0.001
0.275,1e-05,5512,32872.8,44,644,0.0005
0.275,1e-05,29240,22355.3,43,736,0.0001
0.275,1e-05,41880,20426.1,43,763,5e-05
0.275,1e-05,53832,19375.3,43,774,1e-05
0.1375,1e-05,4488,18617,43,590,0.1
0.1375,1e-05,4536,18430.5,48,744,0.01
0.1375,1e-05,4600,18284.1,46,709,0.005
0.1375,1e-05,5464,17352.8,46,738,0.001
0.1375,1e-05,7688,16030.2,49,755,0.0005
0.1375,1e-05,31416,10855.5,45,769,0.0001
0.1375,1e-05,44056,9970.75,44,784,5e-05
0.1375,1e-05,56008,9355.91,46,787,1e-05
0.06875,1e-05,8840,8608.86,43,597,0.1
0.06875,1e-05,8888,8651.89,43,608,0.01
0.06875,1e-05,8952,8596.75,45,611,0.005
0.06875,1e-05,9816,7991.26,44,802,0.001
0.06875,1e-05,12040,7450.77,44,646,0.0005
0.06875,1e-05,35768,5233.98,45,849,0.0001
0.06875,1e-05,48408,4798.78,52,869,5e-05
0.06875,1e-05,60360,4546.9,54,906,1e-05
0.034375,1e-05,17544,3891.75,48,714,0.1
0.034375,1e-05,17592,3859.15,45,669,0.01
0.034375,1e-05,17656,3863.37,48,694,0.005
0.034375,1e-05,18520,3609.47,52,679,0.001
0.034375,1e-05,20744,3484.34,51,703,0.0005
0.034375,1e-05,44472,2481.7,47,830,0.0001
0.034375,1e-05,57112,2280.81,47,877,5e-05
0.034375,1e-05,69064,2156,47,858,1e-05
0.0171875,1e-05,34952,1687.48,53,659,0.1
0.0171875,1e-05,35000,1702.44,47,704,0.01
0.0171875,1e-05,35064,1700.18,50,692,0.005
0.0171875,1e-05,35928,1657.78,47,755,0.001
0.0171875,1e-05,38152,1570.31,52,731,0.0005
0.0171875,1e-05,61880,1152.45,47,864,0.0001
0.0171875,1e-05,74520,1068.78,47,889,5e-05
0.0171875,1e-05,86472,998.002,46,896,1e-05
0.00859375,1e-05,69768,712.154,49,671,0.1
0.00859375,1e-05,69816,718.002,46,690,0.01
0.00859375,1e-05,69880,716.681,53,660,0.005
0.00859375,1e-05,70744,702.823,49,696,0.001
0.00859375,1e-05,72968,679.422,50,777,0.0005
0.00859375,1e-05,96696,519.664,44,861,0.0001
0.00859375,1e-05,109336,478.182,46,826,5e-05
0.00859375,1e-05,121288,451.336,45,821,1e-05
0.00429688,1e-05,139400,284.304,45,627,0.1
0.00429688,1e-05,139448,289.501,45,627,0.01
0.00429688,1e-05,139512,286.489,47,625,0.005
0.00429688,1e-05,140376,285.586,44,655,0.001
0.00429688,1e-05,142600,277.331,45,676,0.0005
0.00429688,1e-05,166328,223.763,45,782,0.0001
0.00429688,1e-05,178968,206.828,47,830,5e-05
0.00429688,1e-05,190920,194.127,44,824,1e-05
0.00214844,1e-05,278664,108.792,45,627,0.1
0.00214844,1e-05,278712,108.897,45,624,0.01
0.00214844,1e-05,278776,108.448,49,634,0.005
0.00214844,1e-05,279640,108.314,46,691,0.001
0.00214844,1e-05,281864,107.517,47,693,0.0005
0.00214844,1e-05,305592,90.6732,46,788,0.0001
0.00214844,1e-05,318232,80.3679,48,807,5e-05
0.00214844,1e-05,330184,79.3069,45,810,1e-05
0.00107422,1e-05,557192,38.093,47,637,0.1
0.00107422,1e-05,557240,38.7294,46,648,0.01
0.00107422,1e-05,557304,38.1656,47,646,0.005
0.00107422,1e-05,558168,37.0074,46,652,0.001
0.00107422,1e-05,560392,37.6345,45,675,0.0005
0.00107422,1e-05,584120,33.1477,47,777,0.0001
0.00107422,1e-05,596760,30.7541,47,803,5e-05
0.00107422,1e-05,608712,28.9505,49,816,1e-05
0.000537109,1e-05,1114248,12.6424,54,663,0.1
0.000537109,1e-05,1114296,12.4438,47,659,0.01
0.000537109,1e-05,1114360,12.5998,48,675,0.005
0.000537109,1e-05,1115224,12.0946,47,673,0.001
0.000537109,1e-05,1117448,11.6903,48,683,0.0005
0.000537109,1e-05,1141176,11.2749,50,845,0.0001
0.000537109,1e-05,1153816,10.7561,49,830,5e-05
0.000537109,1e-05,1165768,10.2607,48,841,1e-05
0.000268555,1e-05,2228360,3.57809,48,653,0.1
0.000268555,1e-05,2228408,3.63086,49,656,0.01
0.000268555,1e-05,2228472,3.70903,50,658,0.005
0.000268555,1e-05,2229336,3.73657,49,671,0.001
0.000268555,1e-05,2231560,3.39345,49,695,0.0005
0.000268555,1e-05,2255288,3.21396,50,806,0.0001
0.000268555,1e-05,2267928,2.91846,49,820,5e-05
0.000268555,1e-05,2279880,2.92986,49,834,1e-05
0.000134277,1e-05,4456584,0.728803,48,687,0.1
0.000134277,1e-05,4456632,0.75096,49,686,0.01
0.000134277,1e-05,4456696,0.688854,51,683,0.005
0.000134277,1e-05,4457560,0.601161,53,733,0.001
0.000134277,1e-05,4459784,0.62691,56,812,0.0005
0.000134277,1e-05,4483512,0.577164,63,874,0.0001
0.000134277,1e-05,4496152,0.5206,51,901,5e-05
0.000134277,1e-05,4508104,0.468265,49,877,1e-05
6.71387e-05,1e-05,8913032,0.00238968,53,717,0.1
6.71387e-05,1e-05,8913080,0.00017516,49,721,0.01
6.71387e-05,1e-05,8913144,0.00107598,55,733,0.005
6.71387e-05,1e-05,8914008,0.000275251,50,748,0.001
6.71387e-05,1e-05,8916232,0.00406621,54,767,0.0005
6.71387e-05,1e-05,8939960,0.0110976,56,848,0.0001
6.71387e-05,1e-05,8952600,8.75799e-05,54,872,5e-05
6.71387e-05,1e-05,8964552,2.50228e-05,51,876,1e-05
3.35693e-05,1e-05,17825928,0,76,738,0.1
3.35693e-05,1e-05,17825976,0,77,756,0.01
3.35693e-05,1e-05,17826040,0,76,763,0.005
3.35693e-05,1e-05,17826904,0,71,826,0.001
3.35693e-05,1e-05,17829128,0,72,787,0.0005
3.35693e-05,1e-05,17852856,0,71,866,0.0001
3.35693e-05,1e-05,17865496,0,70,888,5e-05
3.35693e-05,1e-05,17877448,0,72,896,1e-05
1.67847e-05,1e-05,35651720,0,84,822,0.1
1.67847e-05,1e-05,35651768,0,86,909,0.01
1.67847e-05,1e-05,35651832,0,82,771,0.005
1.67847e-05,1e-05,35652696,0,84,882,0.001
1.67847e-05,1e-05,35654920,0,79,818,0.0005
1.67847e-05,1e-05,35678648,0,82,878,0.0001
1.67847e-05,1e-05,35691288,0,96,946,5e-05
1.67847e-05,1e-05,35703240,0,90,996,1e-05
8.39233e-06,1e-05,71303304,0,87,804,0.1
8.39233e-06,1e-05,71303352,0,89,857,0.01
8.39233e-06,1e-05,71303416,0,100,882,0.005
8.39233e-06,1e-05,71304280,0,89,822,0.001
8.39233e-06,1e-05,71306504,0,89,825,0.0005
8.39233e-06,1e-05,71330232,0,89,888,0.0001
8.39233e-06,1e-05,71342872,0,84,898,5e-05
8.39233e-06,1e-05,71354824,0,83,912,1e-05
4.19617e-06,1e-05,142606472,0,86,776,0.1
4.19617e-06,1e-05,142606520,0,92,795,0.01
4.19617e-06,1e-05,142606584,0,85,798,0.005
4.19617e-06,1e-05,142607448,0,87,794,0.001
4.19617e-06,1e-05,142609672,0,88,807,0.0005
4.19617e-06,1e-05,142633400,0,92,903,0.0001
4.19617e-06,1e-05,142646040,0,91,987,5e-05
4.19617e-06,1e-05,142657992,0,99,982,1e-05
2.09808e-06,1e-05,285212808,0,95,868,0.1
2.09808e-06,1e-05,285212856,0,92,832,0.01
2.09808e-06,1e-05,285212920,0,94,896,0.005
2.09808e-06,1e-05,285213784,0,101,959,0.001
2.09808e-06,1e-05,285216008,0,89,929,0.0005
2.09808e-06,1e-05,285239736,0,96,930,0.0001
2.09808e-06,1e-05,285252376,0,92,1076,5e-05
2.09808e-06,1e-05,285264328,0,87,948,1e-05
0.275,0.002,1224,40516.9,38,578,0.1
0.275,0.002,1272,39813.4,38,571,0.01
0.275,0.002,1336,39377.5,38,577,0.005
0.275,0.002,2200,36614.1,38,602,0.001
0.275,0.002,4424,33488.1,38,636,0.0005
0.275,0.002,28152,22388.6,39,753,0.0001
0.275,0.002,40792,20793.7,41,764,5e-05
0.275,0.002,52744,19451,40,774,1e-05
0.1375,0.002,2376,18993.7,39,574,0.1
0.1375,0.002,2424,18927.5,39,570,0.01
0.1375,0.002,2488,18724.2,37,574,0.005
0.1375,0.002,3352,17851.7,39,595,0.001
0.1375,0.002,5576,16150.9,38,625,0.0005
0.1375,0.002,29304,11042.9,38,738,0.0001
0.1375,0.002,41944,10150.8,39,760,5e-05
0.1375,0.002,53896,9566.79,39,790,1e-05
0.06875,0.002,4680,8862.95,38,567,0.1
0.06875,0.002,4728,8950.36,40,577,0.01
0.06875,0.002,4792,8882.38,41,601,0.005
0.06875,0.002,5656,8429.83,40,622,0.001
0.06875,0.002,7880,7705.89,39,652,0.0005
0.06875,0.002,31608,5330.02,40,757,0.0001
0.06875,0.002,44248,4892.78,47,807,5e-05
0.06875,0.002,56200,4585.33,42,799,1e-05
0.034375,0.002,9288,4089.85,41,608,0.1
0.034375,0.002,9336,4093.47,42,589,0.01
0.034375,0.002,9400,4090.24,40,596,0.005
0.034375,0.002,10264,3927.18,38,599,0.001
0.034375,0.002,12488,3621.56,40,637,0.0005
0.034375,0.002,36216,2551.44,39,753,0.0001
0.034375,0.002,48856,2347.15,43,794,5e-05
0.034375,0.002,60808,2230.56,40,784,1e-05
0.0171875,0.002,18504,1817.2,40,579,0.1
0.0171875,0.002,18552,1825.15,39,641,0.01
0.0171875,0.002,18616,1805.29,49,651,0.005
0.0171875,0.002,19480,1760.4,38,652,0.001
0.0171875,0.002,21704,1663.07,39,638,0.0005
0.0171875,0.002,45432,1187.79,40,762,0.0001
0.0171875,0.002,58072,1110.62,42,838,5e-05
0.0171875,0.002,70024,1021.36,42,822,1e-05
0.00859375,0.002,36936,779.346,41,634,0.1
0.00859375,0.002,36984,791.291,41,635,0.01
0.00859375,0.002,37048,780.41,43,622,0.005
0.00859375,0.002,37912,764.919,42,640,0.001
0.00859375,0.002,40136,731.126,39,652,0.0005
0.00859375,0.002,63864,548.726,41,849,0.0001
0.00859375,0.002,76504,504.779,40,779,5e-05
0.00859375,0.002,88456,478.582,40,814,1e-05
0.00429688,0.002,73800,315.959,47,626,0.1
0.00429688,0.002,73848,322.015,43,597,0.01
0.00429688,0.002,73912,319.725,42,656,0.005
0.00429688,0.002,74776,316.375,46,682,0.001
0.00429688,0.002,77000,307.339,42,658,0.0005
0.00429688,0.002,100728,237.678,42,804,0.0001
0.00429688,0.002,113368,223.412,46,797,5e-05
0.00429688,0.002,125320,210.512,43,776,1e-05
0.00214844,0.002,147528,125.18,44,619,0.1
0.00214844,0.002,147576,125.213,40,630,0.01
0.00214844,0.002,147640,125.609,48,634,0.005
0.00214844,0.002,148504,123.764,43,697,0.001
0.00214844,0.002,150728,120.821,39,668,0.0005
0.00214844,0.002,174456,100.611,39,764,0.0001
0.00214844,0.002,187096,93.038,41,771,5e-05
0.00214844,0.002,199048,87.5208,48,899,1e-05
0.00107422,0.002,294984,45.3275,46,658,0.1
0.00107422,0.002,295032,45.2205,43,658,0.01
0.00107422,0.002,295096,45.6831,43,656,0.005
0.00107422,0.002,295960,45.9997,42,647,0.001
0.00107422,0.002,298184,45.7372,38,650,0.0005
0.00107422,0.002,321912,37.8653,48,804,0.0001
0.00107422,0.002,334552,35.4776,41,838,5e-05
0.00107422,0.002,346504,34.0429,41,834,1e-05
0.000537109,0.002,589896,14.873,41,675,0.1
0.000537109,0.002,589944,15.2835,41,646,0.01
0.000537109,0.002,590008,14.8048,44,655,0.005
0.000537109,0.002,590872,15.4687,49,707,0.001
0.000537109,0.002,593096,15.4025,47,746,0.0005
0.000537109,0.002,616824,13.5455,43,788,0.0001
0.000537109,0.002,629464,12.9108,44,805,5e-05
0.000537109,0.002,641416,12.0521,43,942,1e-05
0.000268555,0.002,1179720,4.26703,42,723,0.1
0.000268555,0.002,1179768,4.34087,46,640,0.01
0.000268555,0.002,1179832,4.39535,47,676,0.005
0.000268555,0.002,1180696,4.47186,42,702,0.001
0.000268555,0.002,1182920,4.41279,45,771,0.0005
0.000268555,0.002,1206648,3.9675,44,888,0.0001
0.000268555,0.002,1219288,4.01639,44,905,5e-05
0.000268555,0.002,1231240,3.60025,58,918,1e-05
0.000134277,0.002,2359368,1.03735,63,875,0.1
0.000134277,0.002,2359416,1.03444,71,862,0.01
0.000134277,0.002,2359480,0.861311,40,855,0.005
0.000134277,0.002,2360344,0.945,40,629,0.001
0.000134277,0.002,2362568,0.990003,48,681,0.0005
0.000134277,0.002,2386296,0.831133,46,828,0.0001
0.000134277,0.002,2398936,0.80252,53,950,5e-05
0.000134277,0.002,2410888,0.763409,42,914,1e-05
6.71387e-05,0.002,4718664,0.0541244,47,707,0.1
6.71387e-05,0.002,4718712,0.0793975,54,683,0.01
6.71387e-05,0.002,4718776,0.00740676,51,732,0.005
6.71387e-05,0.002,4719640,0.0120985,44,672,0.001
6.71387e-05,0.002,4721864,0.0255108,41,714,0.0005
6.71387e-05,0.002,4745592,0.00215196,78,1040,0.0001
6.71387e-05,0.002,4758232,0.0101217,44,859,5e-05
6.71387e-05,0.002,4770184,0.0143256,41,822,1e-05
3.35693e-05,0.002,9437256,0,46,685,0.1
3.35693e-05,0.002,9437304,0,57,740,0.01
3.35693e-05,0.002,9437368,0,48,756,0.005
3.35693e-05,0.002,9438232,0,77,851,0.001
3.35693e-05,0.002,9440456,0,59,785,0.0005
3.35693e-05,0.002,9464184,0,49,893,0.0001
3.35693e-05,0.002,9476824,0,52,852,5e-05
3.35693e-05,0.002,9488776,0,65,884,1e-05
1.67847e-05,0.002,18874440,0,61,778,0.1
1.67847e-05,0.002,18874488,0,69,762,0.01
1.67847e-05,0.002,18874552,0,60,726,0.005
1.67847e-05,0.002,18875416,0,62,727,0.001
1.67847e-05,0.002,18877640,0,73,837,0.0005
1.67847e-05,0.002,18901368,0,62,935,0.0001
1.67847e-05,0.002,18914008,0,76,913,5e-05
1.67847e-05,0.002,18925960,0,98,932,1e-05
8.39233e-06,0.002,37748808,0,77,748,0.1
8.39233e-06,0.002,37748856,0,67,699,0.01
8.39233e-06,0.002,37748920,0,66,692,0.005
8.39233e-06,0.002,37749784,0,61,751,0.001
8.39233e-06,0.002,37752008,0,62,743,0.0005
8.39233e-06,0.002,37775736,0,61,815,0.0001
8.39233e-06,0.002,37788376,0,61,835,5e-05
8.39233e-06,0.002,37800328,0,60,847,1e-05
4.19617e-06,0.002,75497544,0,65,669,0.1
4.19617e-06,0.002,75497592,0,65,685,0.01
4.19617e-06,0.002,75497656,0,61,667,0.005
4.19617e-06,0.002,75498520,0,62,686,0.001
4.19617e-06,0.002,75500744,0,65,715,0.0005
4.19617e-06,0.002,75524472,0,64,804,0.0001
4.19617e-06,0.002,75537112,0,62,822,5e-05
4.19617e-06,0.002,75549064,0,67,865,1e-05
2.09808e-06,0.002,150995016,0,73,694,0.1
2.09808e-06,0.002,150995064,0,68,715,0.01
2.09808e-06,0.002,150995128,0,65,688,0.005
2.09808e-06,0.002,150995992,0,69,717,0.001
2.09808e-06,0.002,150998216,0,66,761,0.0005
2.09808e-06,0.002,151021944,0,66,970,0.0001
2.09808e-06,0.002,151034584,0,70,906,5e-05
2.09808e-06,0.002,151046536,0,66,856,1e-05
0.275,0.03125,680,40993.5,38,594,0.1
0.275,0.03125,728,41359.2,49,629,0.01
0.275,0.03125,792,40362.1,45,710,0.005
0.275,0.03125,1656,37605,43,674,0.001
0.275,0.03125,3880,33991.2,41,711,0.0005
0.275,0.03125,27608,22795,41,852,0.0001
0.275,0.03125,40248,20874,43,888,5e-05
0.275,0.03125,52200,19765.7,42,894,1e-05
0.1375,0.03125,1320,19812.3,47,645,0.1
0.1375,0.03125,1368,19735.9,38,572,0.01
0.1375,0.03125,1432,19225.2,35,583,0.005
0.1375,0.03125,2296,18191.1,35,650,0.001
0.1375,0.03125,4520,16488,35,717,0.0005
0.1375,0.03125,28248,11221,35,709,0.0001
0.1375,0.03125,40888,10241,35,736,5e-05
0.1375,0.03125,52840,9692.02,42,817,1e-05
0.06875,0.03125,2600,9477.13,36,575,0.1
0.06875,0.03125,2648,9250.51,40,716,0.01
0.06875,0.03125,2712,9345.39,41,664,0.005
0.06875,0.03125,3576,8761.71,40,697,0.001
0.06875,0.03125,5800,8030.21,39,713,0.0005
0.06875,0.03125,29528,5485.74,35,838,0.0001
0.06875,0.03125,42168,4963.87,43,803,5e-05
0.06875,0.03125,54120,4721.83,42,915,1e-05
0.034375,0.03125,5160,4342.87,37,540,0.1
0.034375,0.03125,5208,4328.06,37,638,0.01
0.034375,0.03125,5272,4313,35,608,0.005
0.034375,0.03125,6136,4114.16,37,620,0.001
0.034375,0.03125,8360,3828.53,39,654,0.0005
0.034375,0.03125,32088,2637.91,36,768,0.0001
0.034375,0.03125,44728,2411.24,35,783,5e-05
0.034375,0.03125,56680,2269.58,37,785,1e-05
0.0171875,0.03125,10280,1968.79,36,553,0.1
0.0171875,0.03125,10328,1988.71,36,571,0.01
0.0171875,0.03125,10392,1972.85,36,592,0.005
0.0171875,0.03125,11256,1899.47,40,597,0.001
0.0171875,0.03125,13480,1777.94,35,619,0.0005
0.0171875,0.03125,37208,1255.1,36,744,0.0001
0.0171875,0.03125,49848,1155.85,36,754,5e-05
0.0171875,0.03125,61800,1049.81,40,802,1e-05
0.00859375,0.03125,20520,867.209,33,581,0.1
0.00859375,0.03125,20568,867.498,35,556,0.01
0.00859375,0.03125,20632,867.416,36,564,0.005
0.00859375,0.03125,21496,851.402,38,583,0.001
0.00859375,0.03125,23720,802.446,36,605,0.0005
0.00859375,0.03125,47448,583.459,36,730,0.0001
0.00859375,0.03125,60088,535.545,41,765,5e-05
0.00859375,0.03125,72040,505.494,38,791,1e-05
0.00429688,0.03125,41000,369.211,35,546,0.1
0.00429688,0.03125,41048,366.569,37,554,0.01
0.00429688,0.03125,41112,366.356,35,548,0.005
0.00429688,0.03125,41976,351.225,39,598,0.001
0.00429688,0.03125,44200,345.16,36,636,0.0005
0.00429688,0.03125,67928,263.518,37,784,0.0001
0.00429688,0.03125,80568,235.685,36,762,5e-05
0.00429688,0.03125,92520,226.433,38,801,1e-05
0.00214844,0.03125,81960,147.587,36,566,0.1
0.00214844,0.03125,82008,147.682,35,572,0.01
0.00214844,0.03125,82072,147.498,36,577,0.005
0.00214844,0.03125,82936,145.192,36,608,0.001
0.00214844,0.03125,85160,142.433,39,667,0.0005
0.00214844,0.03125,108888,112.998,40,747,0.0001
0.00214844,0.03125,121528,105.155,36,771,5e-05
0.00214844,0.03125,133480,98.8859,36,773,1e-05
0.00107422,0.03125,163880,56.8516,40,606,0.1
0.00107422,0.03125,163928,55.1605,34,607,0.01
0.00107422,0.03125,163992,55.3386,39,588,0.005
0.00107422,0.03125,164856,59.3099,43,666,0.001
0.00107422,0.03125,167080,53.7235,47,724,0.0005
0.00107422,0.03125,190808,45.3923,35,784,0.0001
0.00107422,0.03125,203448,42.0471,37,792,5e-05
0.00107422,0.03125,215400,41.474,38,848,1e-05
0.000537109,0.03125,327720,18.9024,39,651,0.1
0.000537109,0.03125,327768,19.043,36,602,0.01
0.000537109,0.03125,327832,19.0556,44,620,0.005
0.000537109,0.03125,328696,18.812,44,636,0.001
0.000537109,0.03125,330920,18.75,35,645,0.0005
0.000537109,0.03125,354648,16.5147,38,765,0.0001
0.000537109,0.03125,367288,15.6181,37,773,5e-05
0.000537109,0.03125,379240,15.5791,38,774,1e-05
0.000268555,0.03125,655400,5.63762,41,605,0.1
0.000268555,0.03125,655448,6.25593,36,578,0.01
0.000268555,0.03125,655512,8.34244,36,570,0.005
0.000268555,0.03125,656376,7.51974,36,600,0.001
0.000268555,0.03125,658600,5.78428,37,636,0.0005
0.000268555,0.03125,682328,5.10817,36,745,0.0001
0.000268555,0.03125,694968,4.94898,42,832,5e-05
0.000268555,0.03125,706920,4.68081,50,972,1e-05
0.000134277,0.03125,1310760,1.34335,45,796,0.1
0.000134277,0.03125,1310808,1.3057,45,758,0.01
0.000134277,0.03125,1310872,1.46764,42,751,0.005
0.000134277,0.03125,1311736,1.3035,38,653,0.001
0.000134277,0.03125,1313960,1.44912,37,678,0.0005
0.000134277,0.03125,1337688,1.32994,48,872,0.0001
0.000134277,0.03125,1350328,1.37815,44,894,5e-05
0.000134277,0.03125,1362280,1.09016,42,893,1e-05
6.71387e-05,0.03125,2621480,0.087142,53,743,0.1
6.71387e-05,0.03125,2621528,0.0393609,43,727,0.01
6.71387e-05,0.03125,2621592,0.125102,42,737,0.005
6.71387e-05,0.03125,2622456,0.0568269,37,728,0.001
6.71387e-05,0.03125,2624680,0.225593,44,750,0.0005
6.71387e-05,0.03125,2648408,0.181428,43,823,0.0001
6.71387e-05,0.03125,2661048,0.472318,41,835,5e-05
6.71387e-05,0.03125,2673000,0.0223204,41,795,1e-05
3.35693e-05,0.03125,5242920,0,43,607,0.1
3.35693e-05,0.03125,5242968,0,42,630,0.01
3.35693e-05,0.03125,5243032,0,42,645,0.005
3.35693e-05,0.03125,5243896,0,40,669,0.001
3.35693e-05,0.03125,5246120,0,39,682,0.0005
3.35693e-05,0.03125,5269848,0,41,789,0.0001
3.35693e-05,0.03125,5282488,0,39,795,5e-05
3.35693e-05,0.03125,5294440,0,43,798,1e-05
1.67847e-05,0.03125,10485800,0,48,604,0.1
1.67847e-05,0.03125,10485848,0,45,607,0.01
1.67847e-05,0.03125,10485912,0,46,710,0.005
1.67847e-05,0.03125,10486776,0,49,724,0.001
1.67847e-05,0.03125,10489000,0,43,781,0.0005
1.67847e-05,0.03125,10512728,0,46,794,0.0001
1.67847e-05,0.03125,10525368,0,47,801,5e-05
1.67847e-05,0.03125,10537320,0,48,831,1e-05
8.39233e-06,0.03125,20971560,0,49,639,0.1
8.39233e-06,0.03125,20971608,0,50,624,0.01
8.39233e-06,0.03125,20971672,0,51,631,0.005
8.39233e-06,0.03125,20972536,0,49,639,0.001
8.39233e-06,0.03125,20974760,0,49,676,0.0005
8.39233e-06,0.03125,20998488,0,49,785,0.0001
8.39233e-06,0.03125,21011128,0,48,854,5e-05
8.39233e-06,0.03125,21023080,0,73,961,1e-05
4.19617e-06,0.03125,41943080,0,50,651,0.1
4.19617e-06,0.03125,41943128,0,53,611,0.01
4.19617e-06,0.03125,41943192,0,51,634,0.005
4.19617e-06,0.03125,41944056,0,51,643,0.001
4.19617e-06,0.03125,41946280,0,48,668,0.0005
4.19617e-06,0.03125,41970008,0,52,778,0.0001
4.19617e-06,0.03125,41982648,0,48,796,5e-05
4.19617e-06,0.03125,41994600,0,52,816,1e-05
2.09808e-06,0.03125,83886120,0,53,606,0.1
2.09808e-06,0.03125,83886168,0,51,617,0.01
2.09808e-06,0.03125,83886232,0,58,699,0.005
2.09808e-06,0.03125,83887096,0,50,672,0.001
2.09808e-06,0.03125,83889320,0,53,675,0.0005
2.09808e-06,0.03125,83913048,0,53,773,0.0001
2.09808e-06,0.03125,83925688,0,53,799,5e-05
2.09808e-06,0.03125,83937640,0,52,821,1e-05
0.275,0.125,408,42346.3,34,542,0.1
0.275,0.125,456,42307,33,537,0.01
0.275,0.125,520,41692.5,37,680,0.005
0.275,0.125,1384,38217.2,34,566,0.001
0.275,0.125,3608,34557.8,34,605,0.0005
0.275,0.125,27336,23018.1,34,731,0.0001
0.275,0.125,39976,21107.3,34,753,5e-05
0.275,0.125,51928,19976.4,35,766,1e-05
0.1375,0.125,792,20824,34,532,0.1
0.1375,0.125,840,20258.7,32,540,0.01
0.1375,0.125,904,20165.9,34,546,0.005
0.1375,0.125,1768,18768.1,33,563,0.001
0.1375,0.125,3992,16830.1,35,597,0.0005
0.1375,0.125,27720,11320.7,33,714,0.0001
0.1375,0.125,40360,10402.3,34,739,5e-05
0.1375,0.125,52312,9772.4,34,768,1e-05
0.06875,0.125,1560,9814.35,33,530,0.1
0.06875,0.125,1608,9668.87,34,534,0.01
0.06875,0.125,1672,9715.22,34,542,0.005
0.06875,0.125,2536,9095.76,33,565,0.001
0.06875,0.125,4760,8182.78,33,598,0.0005
0.06875,0.125,28488,5611.66,35,728,0.0001
0.06875,0.125,41128,5125.25,38,863,5e-05
0.06875,0.125,53080,4859.81,36,906,1e-05
0.034375,0.125,3096,4631.46,39,604,0.1
0.034375,0.125,3144,4567.63,34,586,0.01
0.034375,0.125,3208,4613.87,36,620,0.005
0.034375,0.125,4072,4313.01,36,627,0.001
0.034375,0.125,6296,3928.79,37,640,0.0005
0.034375,0.125,30024,2731.47,34,752,0.0001
0.034375,0.125,42664,2496.58,42,789,5e-05
0.034375,0.125,54616,2349.45,36,840,1e-05
0.0171875,0.125,6168,2176.83,43,640,0.1
0.0171875,0.125,6216,2149.86,34,618,0.01
0.0171875,0.125,6280,2098.44,36,573,0.005
0.0171875,0.125,7144,2047.89,33,606,0.001
0.0171875,0.125,9368,1901.88,41,628,0.0005
0.0171875,0.125,33096,1311.47,34,733,0.0001
0.0171875,0.125,45736,1206.23,35,761,5e-05
0.0171875,0.125,57688,1132.6,37,781,1e-05
0.00859375,0.125,12312,967.793,34,542,0.1
0.00859375,0.125,12360,964.853,35,569,0.01
0.00859375,0.125,12424,976.459,35,564,0.005
0.00859375,0.125,13288,933.029,34,566,0.001
0.00859375,0.125,15512,871.562,35,650,0.0005
0.00859375,0.125,39240,620.946,37,830,0.0001
0.00859375,0.125,51880,568.163,39,847,5e-05
0.00859375,0.125,63832,537.06,41,871,1e-05
0.00429688,0.125,24600,426.475,34,575,0.1
0.00429688,0.125,24648,476.04,41,588,0.01
0.00429688,0.125,24712,423.819,41,572,0.005
0.00429688,0.125,25576,412.348,38,615,0.001
0.00429688,0.125,27800,391.199,34,632,0.0005
0.00429688,0.125,51528,287.163,39,776,0.0001
0.00429688,0.125,64168,265.427,37,846,5e-05
0.00429688,0.125,76120,248.942,35,843,1e-05
0.00214844,0.125,49176,176.238,35,612,0.1
0.00214844,0.125,49224,176.659,35,594,0.01
0.00214844,0.125,49288,175.927,35,585,0.005
0.00214844,0.125,50152,173.886,35,599,0.001
0.00214844,0.125,52376,167.712,36,615,0.0005
0.00214844,0.125,76104,126.955,35,735,0.0001
0.00214844,0.125,88744,117.605,39,890,5e-05
0.00214844,0.125,100696,111.02,39,862,1e-05
0.00107422,0.125,98328,69.8028,42,633,0.1
0.00107422,0.125,98376,69.5371,34,629,0.01
0.00107422,0.125,98440,69.7537,41,655,0.005
0.00107422,0.125,99304,68.7272,37,649,0.001
0.00107422,0.125,101528,66.8491,34,656,0.0005
0.00107422,0.125,125256,53.3765,36,739,0.0001
0.00107422,0.125,137896,49.9075,35,766,5e-05
0.00107422,0.125,149848,46.8997,36,810,1e-05
0.000537109,0.125,196632,25.1773,36,550,0.1
0.000537109,0.125,196680,27.6749,34,575,0.01
0.000537109,0.125,196744,25.1745,34,557,0.005
0.000537109,0.125,197608,33.2049,40,628,0.001
0.000537109,0.125,199832,24.4678,38,642,0.0005
0.000537109,0.125,223560,20.6729,35,741,0.0001
0.000537109,0.125,236200,21.8984,37,749,5e-05
0.000537109,0.125,248152,18.265,35,782,1e-05
0.000268555,0.125,393240,8.69258,37,584,0.1
0.000268555,0.125,393288,7.98703,34,608,0.01
0.000268555,0.125,393352,9.99497,37,620,0.005
0.000268555,0.125,394216,8.40573,34,620,0.001
0.000268555,0.125,396440,10.1212,34,636,0.0005
0.000268555,0.125,420168,7.72495,47,801,0.0001
0.000268555,0.125,432808,6.5318,42,806,5e-05
0.000268555,0.125,444760,6.28505,38,903,1e-05
0.000134277,0.125,786456,2.13076,48,625,0.1
0.000134277,0.125,786504,2.70706,38,591,0.01
0.000134277,0.125,786568,3.01428,37,638,0.005
0.000134277,0.125,787432,2.45074,38,606,0.001
0.000134277,0.125,789656,1.95707,36,716,0.0005
0.000134277,0.125,813384,1.78144,38,849,0.0001
0.000134277,0.125,826024,2.67549,36,804,5e-05
0.000134277,0.125,837976,2.27385,34,795,1e-05
6.71387e-05,0.125,1572888,0.926783,34,559,0.1
6.71387e-05,0.125,1572936,0.804009,37,562,0.01
6.71387e-05,0.125,1573000,0.623006,35,571,0.005
6.71387e-05,0.125,1573864,0.433996,38,595,0.001
6.71387e-05,0.125,1576088,0.133659,35,640,0.0005
6.71387e-05,0.125,1599816,0.311785,35,742,0.0001
6.71387e-05,0.125,1612456,0.292192,36,763,5e-05
6.71387e-05,0.125,1624408,1.1232,36,778,1e-05
3.35693e-05,0.125,3145752,0,34,564,0.1
3.35693e-05,0.125,3145800,0.0099716,37,576,0.01
3.35693e-05,0.125,3145864,0.00182667,34,570,0.005
3.35693e-05,0.125,3146728,0.350282,37,591,0.001
3.35693e-05,0.125,3148952,0.0726413,36,622,0.0005
3.35693e-05,0.125,3172680,0.195091,36,741,0.0001
3.35693e-05,0.125,3185320,0,35,765,5e-05
3.35693e-05,0.125,3197272,0.0121861,37,785,1e-05
1.67847e-05,0.125,6291480,0,39,561,0.1
1.67847e-05,0.125,6291528,0,42,564,0.01
1.67847e-05,0.125,6291592,0,37,567,0.005
1.67847e-05,0.125,6292456,0,35,594,0.001
1.67847e-05,0.125,6294680,0,37,639,0.0005
1.67847e-05,0.125,6318408,0.00537991,38,740,0.0001
1.67847e-05,0.125,6331048,0,40,769,5e-05
1.67847e-05,0.125,6343000,0,40,779,1e-05
8.39233e-06,0.125,12582936,0,42,563,0.1
8.39233e-06,0.125,12582984,0,43,576,0.01
8.39233e-06,0.125,12583048,0,42,586,0.005
8.39233e-06,0.125,12583912,0,43,600,0.001
8.39233e-06,0.125,12586136,0,42,637,0.0005
8.39233e-06,0.125,12609864,0,44,745,0.0001
8.39233e-06,0.125,12622504,0,40,766,5e-05
8.39233e-06,0.125,12634456,0,45,789,1e-05
4.19617e-06,0.125,25165848,0,47,586,0.1
4.19617e-06,0.125,25165896,0,47,572,0.01
4.19617e-06,0.125,25165960,0,45,575,0.005
4.19617e-06,0.125,25166824,0,44,611,0.001
4.19617e-06,0.125,25169048,0,44,636,0.0005
4.19617e-06,0.125,25192776,0,42,743,0.0001
4.19617e-06,0.125,25205416,0,48,777,5e-05
4.19617e-06,0.125,25217368,0,48,789,1e-05
2.09808e-06,0.125,50331672,0,46,567,0.1
2.09808e-06,0.125,50331720,0,46,571,0.01
2.09808e-06,0.125,50331784,0,47,580,0.005
2.09808e-06,0.125,50332648,0,46,599,0.001
2.09808e-06,0.125,50334872,0,48,631,0.0005
2.09808e-06,0.125,50358600,0,49,741,0.0001
2.09808e-06,0.125,50371240,0,51,775,5e-05
2.09808e-06,0.125,50383192,0,51,789,1e-05
0.275,1e-05,2312,39101.8,44,599,0.1
0.275,1e-05,2360,38875.3,44,604,0.01
0.275,1e-05,2424,38546.4,44,611,0.005
0.275,1e-05,3288,36121.1,45,632,0.001
0.275,1e-05,5512,32750.4,44,653,0.0005
0.275,1e-05,29240,22070.8,46,761,0.0001
0.275,1e-05,41880,20475.9,45,784,5e-05
0.275,1e-05,53832,19285.9,44,796,1e-05
0.1375,1e-05,4488,18642.8,43,611,0.1
0.1375,1e-05,4536,18792,44,607,0.01
0.1375,1e-05,4600,18343.3,44,614,0.005
0.1375,1e-05,5464,17393.5,43,628,0.001
0.1375,1e-05,7688,15807.3,44,659,0.0005
0.1375,1e-05,31416,10851.3,44,757,0.0001
0.1375,1e-05,44056,9992.58,44,795,5e-05
0.1375,1e-05,56008,9418.29,45,801,1e-05
0.06875,1e-05,8840,8643.07,43,607,0.1
0.06875,1e-05,8888,8661.39,44,616,0.01
0.06875,1e-05,8952,8522.19,45,615,0.005
0.06875,1e-05,9816,8272.17,44,636,0.001
0.06875,1e-05,12040,7549.21,44,655,0.0005
0.06875,1e-05,35768,5237.61,44,762,0.0001
0.06875,1e-05,48408,4797.19,44,795,5e-05
0.06875,1e-05,60360,4521.49,45,793,1e-05
0.034375,1e-05,17544,3880.06,44,605,0.1
0.034375,1e-05,17592,3889.71,48,719,0.01
0.034375,1e-05,17656,3841.58,62,804,0.005
0.034375,1e-05,18520,3750.68,43,743,0.001
0.034375,1e-05,20744,3463.09,43,664,0.0005
0.034375,1e-05,44472,2487.7,42,775,0.0001
0.034375,1e-05,57112,2287.56,46,963,5e-05
0.034375,1e-05,69064,2151.27,48,946,1e-05
0.0171875,1e-05,34952,1704.68,46,671,0.1
0.0171875,1e-05,35000,1703.6,47,647,0.01
0.0171875,1e-05,35064,1693.57,47,662,0.005
0.0171875,1e-05,35928,1641.26,46,642,0.001
0.0171875,1e-05,38152,1584.73,44,645,0.0005
0.0171875,1e-05,61880,1139.93,44,761,0.0001
0.0171875,1e-05,74520,1057.3,49,877,5e-05
0.0171875,1e-05,86472,997.771,54,996,1e-05
0.00859375,1e-05,69768,719.074,65,715,0.1
0.00859375,1e-05,69816,715.395,47,702,0.01
0.00859375,1e-05,69880,710.683,42,625,0.005
0.00859375,1e-05,70744,679.214,44,673,0.001
0.00859375,1e-05,72968,665.704,44,657,0.0005
0.00859375,1e-05,96696,519.468,48,748,0.0001
0.00859375,1e-05,109336,478.648,52,827,5e-05
0.00859375,1e-05,121288,451.439,44,796,1e-05
0.00429688,1e-05,139400,284.328,46,603,0.1
0.00429688,1e-05,139448,285.756,45,675,0.01
0.00429688,1e-05,139512,278.281,46,866,0.005
0.00429688,1e-05,140376,283.957,65,896,0.001
0.00429688,1e-05,142600,273.206,55,911,0.0005
0.00429688,1e-05,166328,221.634,51,1112,0.0001
0.00429688,1e-05,178968,206.801,50,843,5e-05
0.00429688,1e-05,190920,193.883,52,1078,1e-05
0.00214844,1e-05,278664,106.409,48,682,0.1
0.00214844,1e-05,278712,108.285,46,696,0.01
0.00214844,1e-05,278776,108.784,58,1008,0.005
0.00214844,1e-05,279640,108.429,55,719,0.001
0.00214844,1e-05,281864,106.039,52,732,0.0005
0.00214844,1e-05,305592,88.8833,47,886,0.0001
0.00214844,1e-05,318232,84.7183,46,813,5e-05
0.00214844,1e-05,330184,78.2861,51,834,1e-05
0.00107422,1e-05,557192,37.3848,48,668,0.1
0.00107422,1e-05,557240,38.2222,60,732,0.01
0.00107422,1e-05,557304,38.1818,59,691,0.005
0.00107422,1e-05,558168,37.5479,50,769,0.001
0.00107422,1e-05,560392,38.4121,48,717,0.0005
0.00107422,1e-05,584120,33.4599,48,806,0.0001
0.00107422,1e-05,596760,31.6558,50,806,5e-05
0.00107422,1e-05,608712,28.8038,56,887,1e-05
0.000537109,1e-05,1114248,12.322,52,708,0.1
0.000537109,1e-05,1114296,12.1843,54,954,0.01
0.000537109,1e-05,1114360,12.4575,46,735,0.005
0.000537109,1e-05,1115224,12.5589,51,744,0.001
0.000537109,1e-05,1117448,12.4051,49,736,0.0005
0.000537109,1e-05,1141176,11.0084,53,863,0.0001
0.000537109,1e-05,1153816,10.818,47,825,5e-05
0.000537109,1e-05,1165768,10.4606,47,806,1e-05
0.000268555,1e-05,2228360,3.58998,47,621,0.1
0.000268555,1e-05,2228408,3.61301,49,645,0.01
0.000268555,1e-05,2228472,3.62249,50,700,0.005
0.000268555,1e-05,2229336,3.7113,57,723,0.001
0.000268555,1e-05,2231560,3.52119,52,748,0.0005
0.000268555,1e-05,2255288,3.12648,55,1127,0.0001
0.000268555,1e-05,2267928,2.92324,50,842,5e-05
0.000268555,1e-05,2279880,3.21523,49,846,1e-05
0.000134277,1e-05,4456584,0.688215,57,770,0.1
0.000134277,1e-05,4456632,0.705469,67,880,0.01
0.000134277,1e-05,4456696,0.64983,60,727,0.005
0.000134277,1e-05,4457560,0.602675,49,790,0.001
0.000134277,1e-05,4459784,0.737836,57,911,0.0005
0.000134277,1e-05,4483512,0.599547,49,825,0.0001
0.000134277,1e-05,4496152,0.595118,48,931,5e-05
0.000134277,1e-05,4508104,0.399164,48,816,1e-05
6.71387e-05,1e-05,8913032,6.25571e-05,51,711,0.1
6.71387e-05,1e-05,8913080,0.000675617,69,897,0.01
6.71387e-05,1e-05,8913144,0.000137626,50,765,0.005
6.71387e-05,1e-05,8914008,0.00595543,121,891,0.001
6.71387e-05,1e-05,8916232,0.0110601,78,1032,0.0005
6.71387e-05,1e-05,8939960,6.25571e-05,73,1002,0.0001
6.71387e-05,1e-05,8952600,0.000100091,53,991,5e-05
6.71387e-05,1e-05,8964552,0.000150137,70,935,1e-05
3.35693e-05,1e-05,17825928,0,77,902,0.1
3.35693e-05,1e-05,17825976,0,78,821,0.01
3.35693e-05,1e-05,17826040,0,71,761,0.005
3.35693e-05,1e-05,17826904,0,72,783,0.001
3.35693e-05,1e-05,17829128,0,70,794,0.0005
3.35693e-05,1e-05,17852856,0,78,877,0.0001
3.35693e-05,1e-05,17865496,0,74,883,5e-05
3.35693e-05,1e-05,17877448,0,72,920,1e-05
1.67847e-05,1e-05,35651720,0,84,907,0.1
1.67847e-05,1e-05,35651768,0,83,797,0.01
1.67847e-05,1e-05,35651832,0,81,802,0.005
1.67847e-05,1e-05,35652696,0,101,977,0.001
1.67847e-05,1e-05,35654920,0,87,841,0.0005
1.67847e-05,1e-05,35678648,0,81,903,0.0001
1.67847e-05,1e-05,35691288,0,83,872,5e-05
1.67847e-05,1e-05,35703240,0,78,889,1e-05
8.39233e-06,1e-05,71303304,0,87,782,0.1
8.39233e-06,1e-05,71303352,0,84,759,0.01
8.39233e-06,1e-05,71303416,0,83,767,0.005
8.39233e-06,1e-05,71304280,0,84,771,0.001
8.39233e-06,1e-05,71306504,0,88,785,0.0005
8.39233e-06,1e-05,71330232,0,89,886,0.0001
8.39233e-06,1e-05,71342872,0,94,894,5e-05
8.39233e-06,1e-05,71354824,0,86,944,1e-05
4.19617e-06,1e-05,142606472,0,90,795,0.1
4.19617e-06,1e-05,142606520,0,86,772,0.01
4.19617e-06,1e-05,142606584,0,84,759,0.005
4.19617e-06,1e-05,142607448,0,87,786,0.001
4.19617e-06,1e-05,142609672,0,89,791,0.0005
4.19617e-06,1e-05,142633400,0,86,847,0.0001
4.19617e-06,1e-05,142646040,0,85,871,5e-05
4.19617e-06,1e-05,142657992,0,86,915,1e-05
2.09808e-06,1e-05,285212808,0,99,783,0.1
2.09808e-06,1e-05,285212856,0,89,763,0.01
2.09808e-06,1e-05,285212920,0,88,779,0.005
2.09808e-06,1e-05,285213784,0,91,816,0.001
2.09808e-06,1e-05,285216008,0,93,889,0.0005
2.09808e-06,1e-05,285239736,0,91,1015,0.0001
2.09808e-06,1e-05,285252376,0,90,1025,5e-05
2.09808e-06,1e-05,285264328,0,141,1236,1e-05
0.275,0.002,1224,40180.1,51,795,0.1
0.275,0.002,1272,40279.4,52,817,0.01
0.275,0.002,1336,39598,42,760,0.005
0.275,0.002,2200,36869.8,42,723,0.001
0.275,0.002,4424,33174.4,42,756,0.0005
0.275,0.002,28152,22610.3,52,895,0.0001
0.275,0.002,40792,20735.1,48,922,5e-05
0.275,0.002,52744,19498.6,66,1090,1e-05
0.1375,0.002,2376,18997,52,930,0.1
0.1375,0.002,2424,19043.9,47,814,0.01
0.1375,0.002,2488,18903.1,53,818,0.005
0.1375,0.002,3352,17770.3,53,850,0.001
0.1375,0.002,5576,16218.3,49,911,0.0005
0.1375,0.002,29304,10997,54,1027,0.0001
0.1375,0.002,41944,10120.7,46,1179,5e-05
0.1375,0.002,53896,9566.82,49,1143,1e-05
0.06875,0.002,4680,8920.51,45,772,0.1
0.06875,0.002,4728,9020.5,49,772,0.01
0.06875,0.002,4792,8773.23,43,805,0.005
0.06875,0.002,5656,8377.16,49,763,0.001
0.06875,0.002,7880,7756.85,48,863,0.0005
0.06875,0.002,31608,5341.54,57,1087,0.0001
0.06875,0.002,44248,4928.06,50,1134,5e-05
0.06875,0.002,56200,4614.14,53,1215,1e-05
0.034375,0.002,9288,4087.01,52,860,0.1
0.034375,0.002,9336,4116.03,48,936,0.01
0.034375,0.002,9400,4086.13,50,953,0.005
0.034375,0.002,10264,3822,57,881,0.001
0.034375,0.002,12488,3617.93,51,915,0.0005
0.034375,0.002,36216,2557.5,53,985,0.0001
0.034375,0.002,48856,2348.69,47,1000,5e-05
0.034375,0.002,60808,2163.83,45,992,1e-05
0.0171875,0.002,18504,1815.5,46,756,0.1
0.0171875,0.002,18552,1811.72,45,782,0.01
0.0171875,0.002,18616,1800.97,43,679,0.005
0.0171875,0.002,19480,1785.43,46,830,0.001
0.0171875,0.002,21704,1664.77,43,1184,0.0005
0.0171875,0.002,45432,1206.03,45,1052,0.0001
0.0171875,0.002,58072,1099.15,45,995,5e-05
0.0171875,0.002,70024,1043.68,47,893,1e-05
0.00859375,0.002,36936,751.223,44,676,0.1
0.00859375,0.002,36984,791.324,43,672,0.01
0.00859375,0.002,37048,769.012,42,773,0.005
0.00859375,0.002,37912,767.594,73,981,0.001
0.00859375,0.002,40136,734.701,51,1128,0.0005
0.00859375,0.002,63864,551.581,84,1541,0.0001
0.00859375,0.002,76504,507.92,72,1826,5e-05
0.00859375,0.002,88456,476.086,70,1580,1e-05
0.00429688,0.002,73800,315.474,52,1103,0.1
0.00429688,0.002,73848,324.798,60,1090,0.01
0.00429688,0.002,73912,314.733,47,895,0.005
0.00429688,0.002,74776,315.872,40,752,0.001
0.00429688,0.002,77000,307.456,56,864,0.0005
0.00429688,0.002,100728,242.59,73,1315,0.0001
0.00429688,0.002,113368,223.307,49,1519,5e-05
0.00429688,0.002,125320,209.529,61,1280,1e-05
0.00214844,0.002,147528,126.214,51,871,0.1
0.00214844,0.002,147576,125.527,46,1002,0.01
0.00214844,0.002,147640,125.501,64,990,0.005
0.00214844,0.002,148504,124.648,72,1349,0.001
0.00214844,0.002,150728,122.089,81,1337,0.0005
0.00214844,0.002,174456,99.7415,70,1632,0.0001
0.00214844,0.002,187096,93.3773,67,1470,5e-05
0.00214844,0.002,199048,88.5303,55,1340,1e-05
0.00107422,0.002,294984,45.2785,44,763,0.1
0.00107422,0.002,295032,44.582,43,668,0.01
0.00107422,0.002,295096,45.4142,39,655,0.005
0.00107422,0.002,295960,44.214,49,796,0.001
0.00107422,0.002,298184,44.5062,48,772,0.0005
0.00107422,0.002,321912,37.5485,41,887,0.0001
0.00107422,0.002,334552,37.2819,44,915,5e-05
0.00107422,0.002,346504,34.5977,44,961,1e-05
0.000537109,0.002,589896,14.8201,42,684,0.1
0.000537109,0.002,589944,15.2707,41,658,0.01
0.000537109,0.002,590008,15.044,72,727,0.005
0.000537109,0.002,590872,15.2318,46,722,0.001
0.000537109,0.002,593096,14.8497,52,797,0.0005
0.000537109,0.002,616824,13.5256,43,929,0.0001
0.000537109,0.002,629464,12.7406,43,942,5e-05
0.000537109,0.002,641416,12.0858,45,965,1e-05
0.000268555,0.002,1179720,4.55361,55,747,0.1
0.000268555,0.002,1179768,4.53596,43,723,0.01
0.000268555,0.002,1179832,4.76123,46,768,0.005
0.000268555,0.002,1180696,4.52365,45,760,0.001
0.000268555,0.002,1182920,4.15424,43,789,0.0005
0.000268555,0.002,1206648,3.94196,46,950,0.0001
0.000268555,0.002,1219288,3.84361,49,944,5e-05
0.000268555,0.002,1231240,3.63524,51,991,1e-05
0.000134277,0.002,2359368,1.00858,50,745,0.1
0.000134277,0.002,2359416,1.05868,53,734,0.01
0.000134277,0.002,2359480,0.946852,59,858,0.005
0.000134277,0.002,2360344,0.829544,43,895,0.001
0.000134277,0.002,2362568,0.915698,54,826,0.0005
0.000134277,0.002,2386296,0.842294,51,921,0.0001
0.000134277,0.002,2398936,0.760056,47,942,5e-05
0.000134277,0.002,2410888,0.779449,48,992,1e-05
6.71387e-05,0.002,4718664,0.036183,51,772,0.1
6.71387e-05,0.002,4718712,0.00620566,46,781,0.01
6.71387e-05,0.002,4718776,0.0188172,47,807,0.005
6.71387e-05,0.002,4719640,0.0291641,48,852,0.001
6.71387e-05,0.002,4721864,0.0423511,53,845,0.0005
6.71387e-05,0.002,4745592,0.0589288,51,935,0.0001
6.71387e-05,0.002,4758232,0.00407872,55,950,5e-05
6.71387e-05,0.002,4770184,0.00245224,56,982,1e-05
3.35693e-05,0.002,9437256,0,68,754,0.1
3.35693e-05,0.002,9437304,0,70,759,0.01
3.35693e-05,0.002,9437368,0,66,773,0.005
3.35693e-05,0.002,9438232,0,78,801,0.001
3.35693e-05,0.002,9440456,0,65,870,0.0005
3.35693e-05,0.002,9464184,0,57,952,0.0001
3.35693e-05,0.002,9476824,7.50685e-05,57,996,5e-05
3.35693e-05,0.002,9488776,0,68,997,1e-05
1.67847e-05,0.002,18874440,0,70,753,0.1
1.67847e-05,0.002,18874488,0,63,768,0.01
1.67847e-05,0.002,18874552,0,71,783,0.005
1.67847e-05,0.002,18875416,0,67,785,0.001
1.67847e-05,0.002,18877640,0,61,895,0.0005
1.67847e-05,0.002,18901368,0,77,955,0.0001
1.67847e-05,0.002,18914008,0,77,1126,5e-05
1.67847e-05,0.002,18925960,0,72,1401,1e-05
8.39233e-06,0.002,37748808,0,68,838,0.1
8.39233e-06,0.002,37748856,0,68,828,0.01
8.39233e-06,0.002,37748920,0,61,808,0.005
8.39233e-06,0.002,37749784,0,63,774,0.001
8.39233e-06,0.002,37752008,0,64,843,0.0005
8.39233e-06,0.002,37775736,0,71,928,0.0001
8.39233e-06,0.002,37788376,0,68,1045,5e-05
8.39233e-06,0.002,37800328,0,65,955,1e-05
4.19617e-06,0.002,75497544,0,83,889,0.1
4.19617e-06,0.002,75497592,0,75,857,0.01
4.19617e-06,0.002,75497656,0,78,820,0.005
4.19617e-06,0.002,75498520,0,70,764,0.001
4.19617e-06,0.002,75500744,0,71,781,0.0005
4.19617e-06,0.002,75524472,0,72,925,0.0001
4.19617e-06,0.002,75537112,0,62,962,5e-05
4.19617e-06,0.002,75549064,0,74,1046,1e-05
2.09808e-06,0.002,150995016,0,70,821,0.1
2.09808e-06,0.002,150995064,0,69,870,0.01
2.09808e-06,0.002,150995128,0,95,784,0.005
2.09808e-06,0.002,150995992,0,75,816,0.001
2.09808e-06,0.002,150998216,0,71,842,0.0005
2.09808e-06,0.002,151021944,0,89,996,0.0001
2.09808e-06,0.002,151034584,0,73,930,5e-05
2.09808e-06,0.002,151046536,0,78,935,1e-05
0.275,0.03125,680,41148.2,36,607,0.1
0.275,0.03125,728,40591.2,37,617,0.01
0.275,0.03125,792,40563.5,72,657,0.005
0.275,0.03125,1656,37761.9,34,695,0.001
0.275,0.03125,3880,33938.7,39,679,0.0005
0.275,0.03125,27608,22809.2,42,799,0.0001
0.275,0.03125,40248,20850.8,36,850,5e-05
0.275,0.03125,52200,19790.2,39,855,1e-05
0.1375,0.03125,1320,20062.6,39,628,0.1
0.1375,0.03125,1368,19778.7,38,599,0.01
0.1375,0.03125,1432,19440.3,39,597,0.005
0.1375,0.03125,2296,18200.2,35,638,0.001
0.1375,0.03125,4520,16621.8,34,686,0.0005
0.1375,0.03125,28248,11217.4,37,828,0.0001
0.1375,0.03125,40888,10278.1,37,815,5e-05
0.1375,0.03125,52840,9628.66,37,876,1e-05
0.06875,0.03125,2600,9342.85,42,618,0.1
0.06875,0.03125,2648,9349,41,599,0.01
0.06875,0.03125,2712,9256.58,38,578,0.005
0.06875,0.03125,3576,8709.68,36,680,0.001
0.06875,0.03125,5800,7737.75,38,685,0.0005
0.06875,0.03125,29528,5451.41,37,810,0.0001
0.06875,0.03125,42168,4984.59,36,853,5e-05
0.06875,0.03125,54120,4717.14,37,880,1e-05
0.034375,0.03125,5160,4357.12,39,639,0.1
0.034375,0.03125,5208,4405.46,40,605,0.01
0.034375,0.03125,5272,4319.76,39,612,0.005
0.034375,0.03125,6136,4104.36,35,638,0.001
0.034375,0.03125,8360,3796.17,38,695,0.0005
0.034375,0.03125,32088,2661.78,39,823,0.0001
0.034375,0.03125,44728,2433.18,36,887,5e-05
0.034375,0.03125,56680,2285.58,36,816,1e-05
0.0171875,0.03125,10280,1987.21,38,590,0.1
0.0171875,0.03125,10328,1977.54,40,584,0.01
0.0171875,0.03125,10392,1978,35,579,0.005
0.0171875,0.03125,11256,1919.61,37,612,0.001
0.0171875,0.03125,13480,1773.15,36,634,0.0005
0.0171875,0.03125,37208,1252.59,41,766,0.0001
0.0171875,0.03125,49848,1144.19,38,908,5e-05
0.0171875,0.03125,61800,1037.29,37,831,1e-05
0.00859375,0.03125,20520,872.807,37,583,0.1
0.00859375,0.03125,20568,870.807,40,591,0.01
0.00859375,0.03125,20632,865.271,37,601,0.005
0.00859375,0.03125,21496,850.422,36,616,0.001
0.00859375,0.03125,23720,800.485,37,632,0.0005
0.00859375,0.03125,47448,581.783,38,765,0.0001
0.00859375,0.03125,60088,535.757,35,813,5e-05
0.00859375,0.03125,72040,507.109,37,860,1e-05
0.00429688,0.03125,41000,367.535,37,573,0.1
0.00429688,0.03125,41048,365.904,36,572,0.01
0.00429688,0.03125,41112,366.176,35,582,0.005
0.00429688,0.03125,41976,356.955,40,626,0.001
0.00429688,0.03125,44200,346.312,36,679,0.0005
0.00429688,0.03125,67928,262.989,36,788,0.0001
0.00429688,0.03125,80568,242.626,38,797,5e-05
0.00429688,0.03125,92520,227.455,41,882,1e-05
0.00214844,0.03125,81960,148.576,41,606,0.1
0.00214844,0.03125,82008,147.838,37,594,0.01
0.00214844,0.03125,82072,146.973,43,600,0.005
0.00214844,0.03125,82936,145.359,36,619,0.001
0.00214844,0.03125,85160,141.476,38,651,0.0005
0.00214844,0.03125,108888,112.009,37,781,0.0001
0.00214844,0.03125,121528,104.976,36,800,5e-05
0.00214844,0.03125,133480,98.0024,40,810,1e-05
0.00107422,0.03125,163880,55.3269,37,588,0.1
0.00107422,0.03125,163928,55.1392,37,598,0.01
0.00107422,0.03125,163992,54.7655,36,581,0.005
0.00107422,0.03125,164856,54.3413,36,641,0.001
0.00107422,0.03125,167080,53.4969,37,654,0.0005
0.00107422,0.03125,190808,44.8286,42,782,0.0001
0.00107422,0.03125,203448,41.7736,37,815,5e-05
0.00107422,0.03125,215400,40.2431,37,807,1e-05
0.000537109,0.03125,327720,19.1825,37,592,0.1
0.000537109,0.03125,327768,19.099,42,586,0.01
0.000537109,0.03125,327832,19.0895,45,671,0.005
0.000537109,0.03125,328696,18.7795,45,704,0.001
0.000537109,0.03125,330920,18.8068,37,660,0.0005
0.000537109,0.03125,354648,16.3438,38,794,0.0001
0.000537109,0.03125,367288,16.6297,38,807,5e-05
0.000537109,0.03125,379240,14.8576,38,837,1e-05
0.000268555,0.03125,655400,5.85219,38,588,0.1
0.000268555,0.03125,655448,6.34401,36,609,0.01
0.000268555,0.03125,655512,6.38595,39,617,0.005
0.000268555,0.03125,656376,5.71341,38,632,0.001
0.000268555,0.03125,658600,5.73054,39,657,0.0005
0.000268555,0.03125,682328,4.9897,38,776,0.0001
0.000268555,0.03125,694968,4.8256,39,800,5e-05
0.000268555,0.03125,706920,4.63636,40,825,1e-05
0.000134277,0.03125,1310760,2.38755,38,600,0.1
0.000134277,0.03125,1310808,1.42359,43,626,0.01
0.000134277,0.03125,1310872,1.31651,38,611,0.005
0.000134277,0.03125,1311736,1.49423,38,631,0.001
0.000134277,0.03125,1313960,1.48405,37,696,0.0005
0.000134277,0.03125,1337688,1.18051,39,792,0.0001
0.000134277,0.03125,1350328,1.20063,38,821,5e-05
0.000134277,0.03125,1362280,1.57694,38,839,1e-05
6.71387e-05,0.03125,2621480,0.132996,38,610,0.1
6.71387e-05,0.03125,2621528,0.0438525,39,611,0.01
6.71387e-05,0.03125,2621592,0.215221,38,623,0.005
6.71387e-05,0.03125,2622456,0.205112,39,654,0.001
6.71387e-05,0.03125,2624680,0.356763,40,672,0.0005
6.71387e-05,0.03125,2648408,0.177212,42,808,0.0001
6.71387e-05,0.03125,2661048,0.224617,39,847,5e-05
6.71387e-05,0.03125,2673000,0.0948616,39,845,1e-05
3.35693e-05,0.03125,5242920,0,43,624,0.1
3.35693e-05,0.03125,5242968,0,40,661,0.01
3.35693e-05,0.03125,5243032,0.000663105,42,631,0.005
3.35693e-05,0.03125,5243896,0,43,638,0.001
3.35693e-05,0.03125,5246120,0,38,684,0.0005
3.35693e-05,0.03125,5269848,0,44,793,0.0001
3.35693e-05,0.03125,5282488,0,53,907,5e-05
3.35693e-05,0.03125,5294440,0,43,901,1e-05
1.67847e-05,0.03125,10485800,0,48,642,0.1
1.67847e-05,0.03125,10485848,0,45,639,0.01
1.67847e-05,0.03125,10485912,0,64,655,0.005
1.67847e-05,0.03125,10486776,0,48,664,0.001
1.67847e-05,0.03125,10489000,0,47,697,0.0005
1.67847e-05,0.03125,10512728,0,45,802,0.0001
1.67847e-05,0.03125,10525368,0,46,770,5e-05
1.67847e-05,0.03125,10537320,0,47,790,1e-05
8.39233e-06,0.03125,20971560,0,49,616,0.1
8.39233e-06,0.03125,20971608,0,49,602,0.01
8.39233e-06,0.03125,20971672,0,51,608,0.005
8.39233e-06,0.03125,20972536,0,47,610,0.001
8.39233e-06,0.03125,20974760,0,50,672,0.0005
8.39233e-06,0.03125,20998488,0,59,842,0.0001
8.39233e-06,0.03125,21011128,0,54,883,5e-05
8.39233e-06,0.03125,21023080,0,72,1149,1e-05
4.19617e-06,0.03125,41943080,0,60,706,0.1
4.19617e-06,0.03125,41943128,0,56,710,0.01
4.19617e-06,0.03125,41943192,0,56,710,0.005
4.19617e-06,0.03125,41944056,0,57,890,0.001
4.19617e-06,0.03125,41946280,0,58,754,0.0005
4.19617e-06,0.03125,41970008,0,64,906,0.0001
4.19617e-06,0.03125,41982648,0,102,1292,5e-05
4.19617e-06,0.03125,41994600,0,53,1207,1e-05
2.09808e-06,0.03125,83886120,0,50,809,0.1
2.09808e-06,0.03125,83886168,0,93,996,0.01
2.09808e-06,0.03125,83886232,0,54,753,0.005
2.09808e-06,0.03125,83887096,0,60,830,0.001
2.09808e-06,0.03125,83889320,0,66,838,0.0005
2.09808e-06,0.03125,83913048,0,75,1544,0.0001
2.09808e-06,0.03125,83925688,0,100,1615,5e-05
2.09808e-06,0.03125,83937640,0,52,1269,1e-05
0.275,0.125,408,42361.7,36,535,0.1
0.275,0.125,456,41910.6,41,567,0.01
0.275,0.125,520,41389.9,34,548,0.005
0.275,0.125,1384,38054.8,35,622,0.001
0.275,0.125,3608,34404.6,33,614,0.0005
0.275,0.125,27336,23171.4,38,759,0.0001
0.275,0.125,39976,21126.8,38,798,5e-05
0.275,0.125,51928,20030.1,37,857,1e-05
0.1375,0.125,792,20875,39,611,0.1
0.1375,0.125,840,20567.9,33,533,0.01
0.1375,0.125,904,20110.7,39,572,0.005
0.1375,0.125,1768,18587.8,32,586,0.001
0.1375,0.125,3992,16954.7,32,617,0.0005
0.1375,0.125,27720,11386,34,732,0.0001
0.1375,0.125,40360,10468,34,736,5e-05
0.1375,0.125,52312,9803.01,34,759,1e-05
0.06875,0.125,1560,9975.57,32,549,0.1
0.06875,0.125,1608,9777.16,32,542,0.01
0.06875,0.125,1672,9695.47,32,541,0.005
0.06875,0.125,2536,9060.51,33,561,0.001
0.06875,0.125,4760,8269.69,34,583,0.0005
0.06875,0.125,28488,5577.46,34,699,0.0001
0.06875,0.125,41128,5137,33,730,5e-05
0.06875,0.125,53080,4829.74,34,743,1e-05
0.034375,0.125,3096,4654.77,32,524,0.1
0.034375,0.125,3144,4635.76,32,522,0.01
0.034375,0.125,3208,4579.55,33,521,0.005
0.034375,0.125,4072,4344.87,33,554,0.001
0.034375,0.125,6296,3963.6,33,578,0.0005
0.034375,0.125,30024,2722.28,33,711,0.0001
0.034375,0.125,42664,2501.89,35,728,5e-05
0.034375,0.125,54616,2339.79,35,738,1e-05
0.0171875,0.125,6168,2154.92,40,577,0.1
0.0171875,0.125,6216,2129.42,34,622,0.01
0.0171875,0.125,6280,2136.36,33,537,0.005
0.0171875,0.125,7144,2040.24,32,557,0.001
0.0171875,0.125,9368,1875.2,33,589,0.0005
0.0171875,0.125,33096,1312.1,34,700,0.0001
0.0171875,0.125,45736,1203.38,33,735,5e-05
0.0171875,0.125,57688,1129.03,38,854,1e-05
0.00859375,0.125,12312,973.131,37,616,0.1
0.00859375,0.125,12360,970.287,36,618,0.01
0.00859375,0.125,12424,963.533,36,627,0.005
0.00859375,0.125,13288,931.712,37,652,0.001
0.00859375,0.125,15512,868.329,37,681,0.0005
0.00859375,0.125,39240,620.911,36,826,0.0001
0.00859375,0.125,51880,570.748,38,871,5e-05
0.00859375,0.125,63832,534.031,37,854,1e-05
0.00429688,0.125,24600,420.692,38,615,0.1
0.00429688,0.125,24648,423.528,37,630,0.01
0.00429688,0.125,24712,420.226,45,603,0.005
0.00429688,0.125,25576,403.565,35,608,0.001
0.00429688,0.125,27800,388.452,38,680,0.0005
0.00429688,0.125,51528,287.357,33,767,0.0001
0.00429688,0.125,64168,265.369,34,747,5e-05
0.00429688,0.125,76120,249.423,34,743,1e-05
0.00214844,0.125,49176,176.444,33,516,0.1
0.00214844,0.125,49224,176.792,33,530,0.01
0.00214844,0.125,49288,178.617,32,528,0.005
0.00214844,0.125,50152,173.985,33,557,0.001
0.00214844,0.125,52376,186.376,33,603,0.0005
0.00214844,0.125,76104,128.276,32,710,0.0001
0.00214844,0.125,88744,117.717,34,730,5e-05
0.00214844,0.125,100696,111.405,34,745,1e-05
0.00107422,0.125,98328,69.6259,33,524,0.1
0.00107422,0.125,98376,69.857,34,537,0.01
0.00107422,0.125,98440,69.6464,34,532,0.005
0.00107422,0.125,99304,68.7759,36,567,0.001
0.00107422,0.125,101528,66.7072,34,591,0.0005
0.00107422,0.125,125256,59.9108,34,707,0.0001
0.00107422,0.125,137896,49.8077,36,740,5e-05
0.00107422,0.125,149848,47.0458,37,868,1e-05
0.000537109,0.125,196632,25.4538,34,645,0.1
0.000537109,0.125,196680,25.2177,35,531,0.01
0.000537109,0.125,196744,25.1343,34,551,0.005
0.000537109,0.125,197608,24.9927,33,555,0.001
0.000537109,0.125,199832,30.038,32,575,0.0005
0.000537109,0.125,223560,20.6651,34,719,0.0001
0.000537109,0.125,236200,19.3244,34,730,5e-05
0.000537109,0.125,248152,18.3639,34,748,1e-05
0.000268555,0.125,393240,8.59269,33,532,0.1
0.000268555,0.125,393288,11.6695,33,538,0.01
0.000268555,0.125,393352,8.91457,34,544,0.005
0.000268555,0.125,394216,9.0734,33,550,0.001
0.000268555,0.125,396440,15.6853,33,598,0.0005
0.000268555,0.125,420168,6.90978,33,725,0.0001
0.000268555,0.125,432808,6.5191,34,730,5e-05
0.000268555,0.125,444760,6.28366,36,755,1e-05
0.000134277,0.125,786456,2.31825,34,537,0.1
0.000134277,0.125,786504,1.99677,33,524,0.01
0.000134277,0.125,786568,1.95415,33,571,0.005
0.000134277,0.125,787432,2.01235,35,559,0.001
0.000134277,0.125,789656,2.45675,33,589,0.0005
0.000134277,0.125,813384,1.79578,36,723,0.0001
0.000134277,0.125,826024,1.69172,34,736,5e-05
0.000134277,0.125,837976,2.25446,34,742,1e-05
6.71387e-05,0.125,1572888,0.292655,35,530,0.1
6.71387e-05,0.125,1572936,0.222641,34,546,0.01
6.71387e-05,0.125,1573000,0.143856,37,563,0.005
6.71387e-05,0.125,1573864,0.273875,33,569,0.001
6.71387e-05,0.125,1576088,0.590339,34,593,0.0005
6.71387e-05,0.125,1599816,0.269221,35,734,0.0001
6.71387e-05,0.125,1612456,0.469328,35,827,5e-05
6.71387e-05,0.125,1624408,0.785129,35,764,1e-05
3.35693e-05,0.125,3145752,0.0135123,34,554,0.1
3.35693e-05,0.125,3145800,0,34,552,0.01
3.35693e-05,0.125,3145864,0,34,565,0.005
3.35693e-05,0.125,3146728,0.182404,36,588,0.001
3.35693e-05,0.125,3148952,0,34,606,0.0005
3.35693e-05,0.125,3172680,0.00396612,35,735,0.0001
3.35693e-05,0.125,3185320,0,38,811,5e-05
3.35693e-05,0.125,3197272,0,37,794,1e-05
1.67847e-05,0.125,6291480,0,52,651,0.1
1.67847e-05,0.125,6291528,0,55,618,0.01
1.67847e-05,0.125,6291592,0,36,625,0.005
1.67847e-05,0.125,6292456,0,40,684,0.001
1.67847e-05,0.125,6294680,0,41,612,0.0005
1.67847e-05,0.125,6318408,0,48,778,0.0001
1.67847e-05,0.125,6331048,0,44,853,5e-05
1.67847e-05,0.125,6343000,0,48,855,1e-05
8.39233e-06,0.125,12582936,0,41,563,0.1
8.39233e-06,0.125,12582984,0,40,562,0.01
8.39233e-06,0.125,12583048,0,41,571,0.005
8.39233e-06,0.125,12583912,0,41,591,0.001
8.39233e-06,0.125,12586136,0,42,621,0.0005
8.39233e-06,0.125,12609864,0,43,728,0.0001
8.39233e-06,0.125,12622504,0,43,752,5e-05
8.39233e-06,0.125,12634456,0,42,775,1e-05
4.19617e-06,0.125,25165848,0,47,547,0.1
4.19617e-06,0.125,25165896,0,44,571,0.01
4.19617e-06,0.125,25165960,0,53,662,0.005
4.19617e-06,0.125,25166824,0,47,626,0.001
4.19617e-06,0.125,25169048,0,42,623,0.0005
4.19617e-06,0.125,25192776,0,56,791,0.0001
4.19617e-06,0.125,25205416,0,46,813,5e-05
4.19617e-06,0.125,25217368,0,58,890,1e-05
2.09808e-06,0.125,50331672,0,57,633,0.1
2.09808e-06,0.125,50331720,0,55,674,0.01
2.09808e-06,0.125,50331784,0,47,595,0.005
2.09808e-06,0.125,50332648,0,44,620,0.001
2.09808e-06,0.125,50334872,0,50,647,0.0005
2.09808e-06,0.125,50358600,0,50,831,0.0001
2.09808e-06,0.125,50371240,0,58,931,5e-05
2.09808e-06,0.125,50383192,0,51,846,1e-05
